{
  "f1_score": 0.6862745098039217,
  "auc_score": 0.7853380566288182
}