{
  "f1_score": 0.7547169811320755,
  "auc_score": 0.8265795280649988
}