{
  "f1_score": 0.37377049180327865,
  "auc_score": 0.9189923824178425
}