{
  "f1_score": 0.7476635514018691,
  "auc_score": 0.8263216631861953
}